NOM;CODI;DATA_INI;DATA_FI;RESIDENCIA;IEPG_CONFIRMAT;R0_CONFIRMAT_M;TAXA_CASOS_CONFIRMAT;CASOS_CONFIRMAT;TAXA_PCR;PCR;PERC_PCR_POSITIVES;INGRESSOS_TOTAL;INGRESSOS_CRITIC;EXITUS
CATALUNYA;CATALUNYA;2020-09-28;2020-10-04;No;243.625;1.24265;106.1507;8075;1773.5787;134918;6.1931;465;91;48
CATALUNYA;CATALUNYA;2020-09-28;2020-10-04;--;;;0.0000;151;0.0000;1863;4.6790;41;11;0
CATALUNYA;CATALUNYA;2020-09-28;2020-10-04;Si;;;449.3722;291;6922.8037;4483;7.7399;31;1;31
CATALUNYA;CATALUNYA;2020-09-27;2020-10-03;No;239.756;1.2234;105.0465;7991;1768.6754;134545;6.1060;468;92;58
CATALUNYA;CATALUNYA;2020-09-27;2020-10-03;--;;;0.0000;156;0.0000;1812;4.9189;40;9;0
CATALUNYA;CATALUNYA;2020-09-27;2020-10-03;Si;;;444.7395;288;6788.4553;4396;7.8063;33;1;34
CATALUNYA;CATALUNYA;2020-09-26;2020-10-02;--;;;0.0000;148;0.0000;1688;4.9880;37;9;0
CATALUNYA;CATALUNYA;2020-09-26;2020-10-02;Si;;;449.3722;291;6907.3613;4473;7.6883;34;1;33
CATALUNYA;CATALUNYA;2020-09-26;2020-10-02;No;227.003;1.16434;104.4549;7946;1761.5636;134004;6.0322;480;96;58
CATALUNYA;CATALUNYA;2020-09-25;2020-10-01;--;;;0.0000;147;0.0000;1634;5.0932;34;7;0
CATALUNYA;CATALUNYA;2020-09-25;2020-10-01;Si;;;308.8469;200;5815.5875;3766;6.2614;34;1;31
CATALUNYA;CATALUNYA;2020-09-25;2020-10-01;No;207.956;1.08197;100.1826;7621;1720.6151;130889;5.8764;468;92;61
CATALUNYA;CATALUNYA;2020-09-24;2020-09-30;No;191.968;1.01082;92.7816;7058;1629.6738;123971;5.6631;464;85;63
CATALUNYA;CATALUNYA;2020-09-24;2020-09-30;--;;;0.0000;133;0.0000;1489;4.6353;38;4;0
CATALUNYA;CATALUNYA;2020-09-24;2020-09-30;Si;;;319.6565;207;6166.1287;3993;5.8791;31;0;33
CATALUNYA;CATALUNYA;2020-09-23;2020-09-29;--;;;0.0000;119;0.0000;1349;4.5968;36;2;0
CATALUNYA;CATALUNYA;2020-09-23;2020-09-29;Si;;;267.1525;173;6232.5308;4036;4.8652;39;0;31
CATALUNYA;CATALUNYA;2020-09-23;2020-09-29;No;184.997;0.975863;91.4802;6959;1606.8399;122234;5.6423;448;81;57
CATALUNYA;CATALUNYA;2020-09-22;2020-09-28;--;;;0.0000;111;0.0000;1318;4.3110;34;5;0
CATALUNYA;CATALUNYA;2020-09-22;2020-09-28;Si;;;168.3215;109;6129.0671;3969;2.7754;43;1;25
CATALUNYA;CATALUNYA;2020-09-22;2020-09-28;No;181.074;0.951934;89.8370;6834;1573.3186;119684;5.6828;437;86;49
CATALUNYA;CATALUNYA;2020-09-21;2020-09-27;No;179.362;0.951153;89.9027;6839;1551.6941;118039;5.7744;434;82;51
CATALUNYA;CATALUNYA;2020-09-21;2020-09-27;--;;;0.0000;109;0.0000;1268;4.0000;28;3;0
CATALUNYA;CATALUNYA;2020-09-21;2020-09-27;Si;;;162.1446;105;5668.8852;3671;2.9609;43;1;26
CATALUNYA;CATALUNYA;2020-09-20;2020-09-26;Si;;;171.4100;111;5664.2525;3668;3.2847;44;1;21
CATALUNYA;CATALUNYA;2020-09-20;2020-09-26;No;181.063;0.95917;90.9281;6917;1561.1195;118756;5.8035;447;85;45
CATALUNYA;CATALUNYA;2020-09-20;2020-09-26;--;;;0.0000;100;0.0000;1249;3.5743;30;5;0
CATALUNYA;CATALUNYA;2020-09-19;2020-09-25;--;;;0.0000;99;0.0000;1248;3.5743;32;5;0
CATALUNYA;CATALUNYA;2020-09-19;2020-09-25;Si;;;191.4850;124;5727.5661;3709;3.4296;41;1;25
CATALUNYA;CATALUNYA;2020-09-19;2020-09-25;No;188.573;0.996106;90.5074;6885;1572.4115;119615;5.7561;443;81;48
CATALUNYA;CATALUNYA;2020-09-18;2020-09-24;No;208.46;1.15371;92.0192;7000;1551.6941;118039;5.9709;461;79;46
CATALUNYA;CATALUNYA;2020-09-18;2020-09-24;--;;;0.0000;100;0.0000;1179;4.0448;35;5;0
CATALUNYA;CATALUNYA;2020-09-18;2020-09-24;Si;;;220.8255;143;5855.7376;3792;4.1112;36;1;23
CATALUNYA;CATALUNYA;2020-09-17;2020-09-23;Si;;;220.8255;143;5733.7430;3713;4.4377;33;1;17
CATALUNYA;CATALUNYA;2020-09-17;2020-09-23;No;229.898;1.23883;97.1328;7389;1591.9196;121099;6.1336;470;80;49
CATALUNYA;CATALUNYA;2020-09-17;2020-09-23;--;;;0.0000;109;0.0000;1174;4.8527;34;6;0
CATALUNYA;CATALUNYA;2020-09-16;2020-09-22;--;;;0.0000;113;0.0000;1065;5.6298;35;6;0
CATALUNYA;CATALUNYA;2020-09-16;2020-09-22;Si;;;285.6834;185;5721.3891;3705;5.7195;31;2;15
CATALUNYA;CATALUNYA;2020-09-16;2020-09-22;No;238.152;1.29265;98.0925;7462;1510.9032;114936;6.5545;476;77;56
CATALUNYA;CATALUNYA;2020-09-15;2020-09-21;No;239.468;1.30603;100.3798;7636;1453.7462;110588;7.0071;494;63;61
CATALUNYA;CATALUNYA;2020-09-15;2020-09-21;--;;;0.0000;116;0.0000;1010;5.9656;32;4;0
CATALUNYA;CATALUNYA;2020-09-15;2020-09-21;Si;;;271.7852;176;5427.9846;3515;6.4164;29;1;16
CATALUNYA;CATALUNYA;2020-09-14;2020-09-20;No;237.414;1.31329;98.6709;7506;1393.5130;106006;7.1305;506;64;61
CATALUNYA;CATALUNYA;2020-09-14;2020-09-20;--;;;0.0000;118;0.0000;945;7.3514;40;4;0
CATALUNYA;CATALUNYA;2020-09-14;2020-09-20;Si;;;301.1257;195;5963.8340;3862;6.0526;30;1;19
CATALUNYA;CATALUNYA;2020-09-13;2020-09-19;--;;;0.0000;123;0.0000;940;7.9521;40;4;0
CATALUNYA;CATALUNYA;2020-09-13;2020-09-19;Si;;;362.8951;235;6013.2495;3894;7.0530;25;1;19
CATALUNYA;CATALUNYA;2020-09-13;2020-09-19;No;230.8;1.28728;97.8427;7443;1364.4218;103793;7.1958;503;63;62
CATALUNYA;CATALUNYA;2020-09-12;2020-09-18;No;225.269;1.25468;98.8023;7516;1329.5465;101140;7.4703;501;64;59
CATALUNYA;CATALUNYA;2020-09-12;2020-09-18;--;;;0.0000;131;0.0000;931;8.8106;36;5;0
CATALUNYA;CATALUNYA;2020-09-12;2020-09-18;Si;;;421.5760;273;5979.2763;3872;8.0000;28;1;15
CATALUNYA;CATALUNYA;2020-09-11;2020-09-17;No;194.01;1.08026;88.6671;6745;1142.3793;86902;7.6775;467;64;58
CATALUNYA;CATALUNYA;2020-09-11;2020-09-17;--;;;0.0000;114;0.0000;828;8.6420;32;5;0
CATALUNYA;CATALUNYA;2020-09-11;2020-09-17;Si;;;375.2490;243;5112.9607;3311;8.1815;29;1;16
CATALUNYA;CATALUNYA;2020-09-10;2020-09-16;--;;;0.0000;109;0.0000;767;9.0546;33;6;0
CATALUNYA;CATALUNYA;2020-09-10;2020-09-16;Si;;;370.6163;240;5446.5154;3527;7.4015;32;1;18
CATALUNYA;CATALUNYA;2020-09-10;2020-09-16;No;179.9;1.0079;88.4436;6728;1138.4751;86605;7.9543;472;66;57
CATALUNYA;CATALUNYA;2020-09-09;2020-09-15;--;;;0.0000;112;0.0000;842;8.1608;33;6;0
CATALUNYA;CATALUNYA;2020-09-09;2020-09-15;Si;;;311.9353;202;5752.2738;3725;5.8111;27;0;18
CATALUNYA;CATALUNYA;2020-09-09;2020-09-15;No;167.258;0.950223;86.1431;6553;1108.2008;84302;7.9450;469;71;56
CATALUNYA;CATALUNYA;2020-09-08;2020-09-14;No;162.184;0.938145;82.9750;6312;1088.7847;82825;7.7637;465;70;54
CATALUNYA;CATALUNYA;2020-09-08;2020-09-14;--;;;0.0000;118;0.0000;856;8.5919;39;7;0
CATALUNYA;CATALUNYA;2020-09-08;2020-09-14;Si;;;321.2007;208;6200.1019;4015;5.2228;24;0;19
CATALUNYA;CATALUNYA;2020-09-07;2020-09-13;--;;;0.0000;125;0.0000;897;7.8588;33;7;0
CATALUNYA;CATALUNYA;2020-09-07;2020-09-13;Si;;;276.4179;179;5702.8583;3693;5.2928;28;0;12
CATALUNYA;CATALUNYA;2020-09-07;2020-09-13;No;160.328;0.93109;82.1074;6246;1083.2373;82403;7.7717;469;74;53
CATALUNYA;CATALUNYA;2020-09-06;2020-09-12;--;;;0.0000;130;0.0000;894;7.8767;34;5;0
CATALUNYA;CATALUNYA;2020-09-06;2020-09-12;Si;;;213.1043;138;5651.8986;3660;4.0720;34;0;18
CATALUNYA;CATALUNYA;2020-09-06;2020-09-12;No;166.351;0.96042;81.4501;6196;1079.5565;82123;7.8249;468;71;49
CATALUNYA;CATALUNYA;2020-09-05;2020-09-11;No;171.024;0.989576;80.7403;6142;1088.0880;82772;7.7150;476;79;54
CATALUNYA;CATALUNYA;2020-09-05;2020-09-11;--;;;0.0000;128;0.0000;870;7.5117;37;4;0
CATALUNYA;CATALUNYA;2020-09-05;2020-09-11;Si;;;135.8926;88;5516.0059;3572;3.2499;35;1;18
CATALUNYA;CATALUNYA;2020-09-04;2020-09-10;Si;;;148.2465;96;6998.4712;4532;2.7799;36;1;18
CATALUNYA;CATALUNYA;2020-09-04;2020-09-10;No;186.879;1.02532;90.9281;6917;1250.8043;95150;7.6487;491;77;58
CATALUNYA;CATALUNYA;2020-09-04;2020-09-10;--;;;0.0000;139;0.0000;1028;6.8520;39;5;0
CATALUNYA;CATALUNYA;2020-09-03;2020-09-09;--;;;0.0000;142;0.0000;1111;6.2443;37;3;0
CATALUNYA;CATALUNYA;2020-09-03;2020-09-09;Si;;;166.7773;108;7443.2107;4820;3.1780;36;1;24
CATALUNYA;CATALUNYA;2020-09-03;2020-09-09;No;185.795;1.0207;90.0473;6850;1242.7723;94539;7.4477;466;74;52
CATALUNYA;CATALUNYA;2020-09-02;2020-09-08;No;187.157;1.01296;89.8765;6837;1271.2063;96702;7.2133;467;77;47
CATALUNYA;CATALUNYA;2020-09-02;2020-09-08;--;;;0.0000;136;0.0000;1129;5.6757;33;3;0
CATALUNYA;CATALUNYA;2020-09-02;2020-09-08;Si;;;228.5467;148;7160.6158;4637;3.7239;38;1;25
CATALUNYA;CATALUNYA;2020-09-01;2020-09-07;Si;;;239.3563;155;7176.0581;4647;3.8556;40;1;28
CATALUNYA;CATALUNYA;2020-09-01;2020-09-07;No;187.689;1.00611;89.9027;6839;1289.1237;98065;7.1661;457;82;49
CATALUNYA;CATALUNYA;2020-09-01;2020-09-07;--;;;0.0000;138;0.0000;1200;5.6780;32;1;0
CATALUNYA;CATALUNYA;2020-08-31;2020-09-06;--;;;0.0000;124;0.0000;1065;5.5609;31;1;0
CATALUNYA;CATALUNYA;2020-08-31;2020-09-06;Si;;;236.2678;153;7308.8623;4733;3.6073;39;1;27
CATALUNYA;CATALUNYA;2020-08-31;2020-09-06;No;189.105;1.00038;90.0868;6853;1294.5266;98476;7.2729;453;82;49
CATALUNYA;CATALUNYA;2020-08-30;2020-09-05;No;189.286;0.995587;91.7563;6980;1303.5050;99159;7.2878;444;82;51
CATALUNYA;CATALUNYA;2020-08-30;2020-09-05;--;;;0.0000;120;0.0000;1065;5.1724;26;2;0
CATALUNYA;CATALUNYA;2020-08-30;2020-09-05;Si;;;227.0024;147;7311.9508;4735;3.4475;36;1;26
CATALUNYA;CATALUNYA;2020-08-29;2020-09-04;No;187.92;0.987376;92.0849;7005;1295.5914;98557;7.3007;438;78;45
CATALUNYA;CATALUNYA;2020-08-29;2020-09-04;--;;;0.0000;113;0.0000;1061;5.1873;25;2;0
CATALUNYA;CATALUNYA;2020-08-29;2020-09-04;Si;;;220.8255;143;7345.9239;4757;3.1935;32;0;28
CATALUNYA;CATALUNYA;2020-08-28;2020-09-03;--;;;0.0000;123;0.0000;1083;5.0992;22;1;0
CATALUNYA;CATALUNYA;2020-08-28;2020-09-03;Si;;;236.2678;153;7021.6347;4547;3.5900;33;0;29
CATALUNYA;CATALUNYA;2020-08-28;2020-09-03;No;190.254;0.998058;91.3356;6948;1297.4055;98695;7.1880;423;79;43
CATALUNYA;CATALUNYA;2020-08-27;2020-09-02;No;193.804;1.01235;91.9798;6997;1297.8787;98731;7.2791;454;83;46
CATALUNYA;CATALUNYA;2020-08-27;2020-09-02;--;;;0.0000;125;0.0000;1081;5.0095;25;1;0
CATALUNYA;CATALUNYA;2020-08-27;2020-09-02;Si;;;236.2678;153;6634.0318;4296;3.5983;30;0;24
CATALUNYA;CATALUNYA;2020-08-26;2020-09-01;No;199.551;1.03118;94.8849;7218;1332.8855;101394;7.3986;445;72;45
CATALUNYA;CATALUNYA;2020-08-26;2020-09-01;--;;;0.0000;131;0.0000;1078;5.5871;29;1;0
CATALUNYA;CATALUNYA;2020-08-26;2020-09-01;Si;;;236.2678;153;6989.2058;4526;3.9664;34;0;26
CATALUNYA;CATALUNYA;2020-08-25;2020-08-31;--;;;0.0000;130;0.0000;1038;5.5064;27;1;0
CATALUNYA;CATALUNYA;2020-08-25;2020-08-31;Si;;;262.5198;170;7108.1118;4603;4.3293;34;0;24
CATALUNYA;CATALUNYA;2020-08-25;2020-08-31;No;203.086;1.04505;96.6464;7352;1330.4798;101211;7.4236;450;64;40
CATALUNYA;CATALUNYA;2020-08-24;2020-08-30;--;;;0.0000;141;0.0000;1180;5.7858;28;2;0
CATALUNYA;CATALUNYA;2020-08-24;2020-08-30;Si;;;257.8871;167;7216.2082;4673;4.1320;32;0;31
CATALUNYA;CATALUNYA;2020-08-24;2020-08-30;No;204.756;1.05829;98.9469;7527;1350.8686;102762;7.3289;451;66;40
CATALUNYA;CATALUNYA;2020-08-23;2020-08-29;No;206.478;1.07171;98.3685;7483;1354.2734;103021;7.2832;445;67;42
CATALUNYA;CATALUNYA;2020-08-23;2020-08-29;--;;;0.0000;143;0.0000;1177;5.9740;32;2;0
CATALUNYA;CATALUNYA;2020-08-23;2020-08-29;Si;;;268.6968;174;7248.6372;4694;4.6856;32;1;30
CATALUNYA;CATALUNYA;2020-08-22;2020-08-28;--;;;0.0000;144;0.0000;1165;5.9597;33;3;0
CATALUNYA;CATALUNYA;2020-08-22;2020-08-28;Si;;;290.3161;188;7454.0204;4827;4.5735;32;1;32
CATALUNYA;CATALUNYA;2020-08-22;2020-08-28;No;211.605;1.10253;98.2371;7473;1370.8237;104280;7.1750;444;63;43
CATALUNYA;CATALUNYA;2020-08-21;2020-08-27;--;;;0.0000;144;0.0000;1092;6.2734;35;4;0
CATALUNYA;CATALUNYA;2020-08-21;2020-08-27;Si;;;301.1257;195;7466.3742;4835;4.4281;31;1;32
CATALUNYA;CATALUNYA;2020-08-21;2020-08-27;No;215.826;1.13213;99.2887;7553;1350.6452;102745;7.4018;463;69;36
CATALUNYA;CATALUNYA;2020-08-20;2020-08-26;No;217.094;1.15044;99.4596;7566;1297.3923;98694;7.7290;441;65;36
CATALUNYA;CATALUNYA;2020-08-20;2020-08-26;--;;;0.0000;139;0.0000;1074;6.5777;31;5;0
CATALUNYA;CATALUNYA;2020-08-20;2020-08-26;Si;;;301.1257;195;6992.2942;4528;4.6665;30;1;33
CATALUNYA;CATALUNYA;2020-08-19;2020-08-25;Si;;;219.2813;142;6532.1123;4230;3.7007;27;2;31
CATALUNYA;CATALUNYA;2020-08-19;2020-08-25;No;214.486;1.16022;98.6314;7503;1230.4155;93599;7.9610;464;70;40
CATALUNYA;CATALUNYA;2020-08-19;2020-08-25;--;;;0.0000;131;0.0000;1045;5.9745;28;6;0
CATALUNYA;CATALUNYA;2020-08-18;2020-08-24;--;;;0.0000;123;0.0000;1031;5.3625;27;7;0
CATALUNYA;CATALUNYA;2020-08-18;2020-08-24;Si;;;191.4850;124;6430.1928;4164;3.2627;29;3;31
CATALUNYA;CATALUNYA;2020-08-18;2020-08-24;No;212.158;1.16629;97.6849;7431;1190.0453;90528;8.1855;483;77;43
CATALUNYA;CATALUNYA;2020-08-17;2020-08-23;No;207.505;1.1659;94.5300;7191;1131.2319;86054;8.4500;481;81;41
CATALUNYA;CATALUNYA;2020-08-17;2020-08-23;--;;;0.0000;117;0.0000;1008;5.8704;25;6;0
CATALUNYA;CATALUNYA;2020-08-17;2020-08-23;Si;;;179.1312;116;6061.1208;3925;3.2917;33;3;27
CATALUNYA;CATALUNYA;2020-08-16;2020-08-22;Si;;;176.0427;114;6088.9170;3943;2.7060;33;2;24
CATALUNYA;CATALUNYA;2020-08-16;2020-08-22;No;206.143;1.16461;94.2934;7173;1127.3276;85757;8.4434;495;78;38
CATALUNYA;CATALUNYA;2020-08-16;2020-08-22;--;;;0.0000;112;0.0000;1005;5.8943;25;5;0
CATALUNYA;CATALUNYA;2020-08-15;2020-08-21;--;;;0.0000;110;0.0000;996;5.6352;25;4;0
CATALUNYA;CATALUNYA;2020-08-15;2020-08-21;Si;;;159.0561;103;5844.9279;3785;2.8788;34;2;22
CATALUNYA;CATALUNYA;2020-08-15;2020-08-21;No;202.716;1.14832;93.6887;7127;1105.5059;84097;8.6590;509;78;39
CATALUNYA;CATALUNYA;2020-08-14;2020-08-20;No;194.52;1.12305;91.3488;6949;1067.8043;81229;8.7367;501;69;45
CATALUNYA;CATALUNYA;2020-08-14;2020-08-20;--;;;0.0000;110;0.0000;1081;6.0721;26;3;0
CATALUNYA;CATALUNYA;2020-08-14;2020-08-20;Si;;;125.0830;81;5338.4190;3457;3.0866;34;2;26
CATALUNYA;CATALUNYA;2020-08-13;2020-08-19;No;187.559;1.10775;89.2455;6789;1066.2794;81113;8.4473;498;69;43
CATALUNYA;CATALUNYA;2020-08-13;2020-08-19;--;;;0.0000;127;0.0000;1090;7.0423;27;3;0
CATALUNYA;CATALUNYA;2020-08-13;2020-08-19;Si;;;114.2733;74;5716.7564;3702;2.5758;40;3;24
CATALUNYA;CATALUNYA;2020-08-12;2020-08-18;--;;;0.0000;130;0.0000;1044;7.7909;26;3;0
CATALUNYA;CATALUNYA;2020-08-12;2020-08-18;Si;;;152.8792;99;6016.3380;3896;3.3302;44;2;25
CATALUNYA;CATALUNYA;2020-08-12;2020-08-18;No;182.513;1.09902;86.2351;6560;1056.6437;80380;8.3185;477;65;38
CATALUNYA;CATALUNYA;2020-08-11;2020-08-17;No;179.063;1.09401;84.2238;6407;1039.6464;79087;8.2023;463;62;37
CATALUNYA;CATALUNYA;2020-08-11;2020-08-17;--;;;0.0000;132;0.0000;1025;8.7174;25;2;0
CATALUNYA;CATALUNYA;2020-08-11;2020-08-17;Si;;;205.3832;133;5843.3837;3784;4.3519;47;1;27
CATALUNYA;CATALUNYA;2020-08-10;2020-08-16;No;177.052;1.09261;83.4483;6348;1048.5197;79762;8.0780;453;58;43
CATALUNYA;CATALUNYA;2020-08-10;2020-08-16;--;;;0.0000;131;0.0000;1052;8.4961;23;2;0
CATALUNYA;CATALUNYA;2020-08-10;2020-08-16;Si;;;231.6351;150;5797.0566;3754;4.7469;45;1;25
CATALUNYA;CATALUNYA;2020-08-09;2020-08-15;--;;;0.0000;130;0.0000;1048;8.5211;20;3;0
CATALUNYA;CATALUNYA;2020-08-09;2020-08-15;Si;;;227.0024;147;5687.4160;3683;4.7772;46;2;29
CATALUNYA;CATALUNYA;2020-08-09;2020-08-15;No;175.473;1.09243;82.7121;6292;1044.9310;79489;8.0748;458;62;41
CATALUNYA;CATALUNYA;2020-08-08;2020-08-14;--;;;0.0000;129;0.0000;1058;8.6492;19;3;0
CATALUNYA;CATALUNYA;2020-08-08;2020-08-14;Si;;;227.0024;147;5936.0378;3844;4.7080;45;3;29
CATALUNYA;CATALUNYA;2020-08-08;2020-08-14;No;175.196;1.09483;82.8436;6302;1076.7696;81911;7.7930;459;62;37
CATALUNYA;CATALUNYA;2020-08-07;2020-08-13;No;173.191;1.08372;81.8576;6227;1076.0335;81855;7.6720;456;68;35
CATALUNYA;CATALUNYA;2020-08-07;2020-08-13;--;;;0.0000;122;0.0000;957;8.8770;16;3;0
CATALUNYA;CATALUNYA;2020-08-07;2020-08-13;Si;;;315.0238;204;6007.0725;3890;5.9484;48;3;23
CATALUNYA;CATALUNYA;2020-08-06;2020-08-12;--;;;0.0000;121;0.0000;1008;7.8332;17;3;0
CATALUNYA;CATALUNYA;2020-08-06;2020-08-12;Si;;;352.0854;228;5937.5820;3845;6.7075;44;2;23
CATALUNYA;CATALUNYA;2020-08-06;2020-08-12;No;169.978;1.06669;80.0698;6091;1070.8541;81461;7.6473;468;77;37
CATALUNYA;CATALUNYA;2020-08-05;2020-08-11;--;;;0.0000;114;0.0000;1106;6.8455;18;3;0
CATALUNYA;CATALUNYA;2020-08-05;2020-08-11;Si;;;325.8335;211;5949.9359;3853;6.0522;43;3;23
CATALUNYA;CATALUNYA;2020-08-05;2020-08-11;No;168.151;1.05132;79.8332;6073;1057.2221;80424;7.7413;472;79;35
CATALUNYA;CATALUNYA;2020-08-04;2020-08-10;No;166.541;1.03445;79.4520;6044;1057.0512;80411;7.8064;459;80;36
CATALUNYA;CATALUNYA;2020-08-04;2020-08-10;--;;;0.0000;121;0.0000;1169;6.4912;23;5;0
CATALUNYA;CATALUNYA;2020-08-04;2020-08-10;Si;;;296.4930;192;5980.8206;3873;5.6790;37;3;23
CATALUNYA;CATALUNYA;2020-08-03;2020-08-09;Si;;;282.5949;183;6082.7400;3939;5.5051;40;3;26
CATALUNYA;CATALUNYA;2020-08-03;2020-08-09;No;164.851;1.01888;78.5975;5979;1029.2483;78296;7.8563;464;75;27
CATALUNYA;CATALUNYA;2020-08-03;2020-08-09;--;;;0.0000;128;0.0000;1158;6.2888;26;25;0
CATALUNYA;CATALUNYA;2020-08-02;2020-08-08;--;;;0.0000;131;0.0000;1162;6.1837;39;26;0
CATALUNYA;CATALUNYA;2020-08-02;2020-08-08;Si;;;285.6834;185;6292.7559;4075;5.4094;41;2;25
CATALUNYA;CATALUNYA;2020-08-02;2020-08-08;No;162.228;1.00512;77.9140;5927;1023.6351;77869;7.8630;455;73;27
CATALUNYA;CATALUNYA;2020-08-01;2020-08-07;No;160.36;0.997446;77.1778;5871;995.1091;75699;8.1089;450;75;32
CATALUNYA;CATALUNYA;2020-08-01;2020-08-07;--;;;0.0000;132;0.0000;1162;6.2610;49;28;0
CATALUNYA;CATALUNYA;2020-08-01;2020-08-07;Si;;;287.2276;186;6457.9890;4182;5.2496;46;1;26
CATALUNYA;CATALUNYA;2020-07-31;2020-08-06;Si;;;213.1043;138;6581.5278;4262;3.8558;47;1;28
CATALUNYA;CATALUNYA;2020-07-31;2020-08-06;No;163.777;1.0197;77.9534;5930;989.3514;75261;8.2947;459;81;34
CATALUNYA;CATALUNYA;2020-07-31;2020-08-06;--;;;0.0000;130;0.0000;1169;6.3103;65;30;0
CATALUNYA;CATALUNYA;2020-07-30;2020-08-05;--;;;0.0000;115;0.0000;1163;5.8979;72;29;0
CATALUNYA;CATALUNYA;2020-07-30;2020-08-05;Si;;;202.2947;131;6447.1794;4175;4.1430;51;1;29
CATALUNYA;CATALUNYA;2020-07-30;2020-08-05;No;168.379;1.03497;79.2811;6031;982.4762;74738;8.4498;449;75;38
CATALUNYA;CATALUNYA;2020-07-29;2020-08-04;No;171.567;1.04821;80.1093;6094;1012.0538;76988;8.3370;453;75;41
CATALUNYA;CATALUNYA;2020-07-29;2020-08-04;--;;;0.0000;133;0.0000;1170;6.9747;75;29;0
CATALUNYA;CATALUNYA;2020-07-29;2020-08-04;Si;;;268.6968;174;6410.1178;4151;5.3288;57;0;28
CATALUNYA;CATALUNYA;2020-07-28;2020-08-03;No;174.817;1.05594;81.5421;6203;1000.8406;76135;8.5043;465;78;40
CATALUNYA;CATALUNYA;2020-07-28;2020-08-03;--;;;0.0000;132;0.0000;1106;7.1889;74;27;0
CATALUNYA;CATALUNYA;2020-07-28;2020-08-03;Si;;;301.1257;195;6343.7157;4108;5.6625;60;0;27
CATALUNYA;CATALUNYA;2020-07-27;2020-08-02;--;;;0.0000;116;0.0000;1080;6.9063;85;7;0
CATALUNYA;CATALUNYA;2020-07-27;2020-08-02;Si;;;298.0372;193;6079.6516;3937;5.6693;60;0;27
CATALUNYA;CATALUNYA;2020-07-27;2020-08-02;No;177.132;1.06225;83.1985;6329;999.0660;76000;8.5018;469;86;45
CATALUNYA;CATALUNYA;2020-07-26;2020-08-01;No;177.155;1.05972;83.4877;6351;1010.2792;76853;8.5402;515;95;47
CATALUNYA;CATALUNYA;2020-07-26;2020-08-01;--;;;0.0000;114;0.0000;1083;6.9811;84;5;0
CATALUNYA;CATALUNYA;2020-07-26;2020-08-01;Si;;;298.0372;193;6087.3727;3942;5.7160;56;0;28
CATALUNYA;CATALUNYA;2020-07-25;2020-07-31;No;177.498;1.05628;83.5929;6359;1008.7674;76738;8.4761;510;97;49
CATALUNYA;CATALUNYA;2020-07-25;2020-07-31;--;;;0.0000;117;0.0000;1102;6.9444;76;4;0
CATALUNYA;CATALUNYA;2020-07-25;2020-07-31;Si;;;307.3026;199;5988.5417;3878;5.8045;60;0;28
CATALUNYA;CATALUNYA;2020-07-24;2020-07-30;--;;;0.0000;126;0.0000;1077;7.6560;74;2;0
CATALUNYA;CATALUNYA;2020-07-24;2020-07-30;Si;;;315.0238;204;5874.2684;3804;6.0809;70;0;27
CATALUNYA;CATALUNYA;2020-07-24;2020-07-30;No;175.92;1.06193;82.6595;6288;1009.1223;76765;8.2817;549;100;46
CATALUNYA;CATALUNYA;2020-07-23;2020-07-29;--;;;0.0000;149;0.0000;1062;8.5249;76;2;0
CATALUNYA;CATALUNYA;2020-07-23;2020-07-29;Si;;;279.5064;181;5934.4935;3843;5.1030;78;0;25
CATALUNYA;CATALUNYA;2020-07-23;2020-07-29;No;178.031;1.08509;83.4088;6345;1017.9299;77435;8.1709;581;106;38
CATALUNYA;CATALUNYA;2020-07-22;2020-07-28;No;179.578;1.11452;83.5666;6357;985.5786;74974;8.3831;598;138;37
CATALUNYA;CATALUNYA;2020-07-22;2020-07-28;--;;;0.0000;142;0.0000;1038;8.3497;76;1;0
CATALUNYA;CATALUNYA;2020-07-22;2020-07-28;Si;;;220.8255;143;6042.5899;3913;3.8138;67;0;24
CATALUNYA;CATALUNYA;2020-07-21;2020-07-27;--;;;0.0000;144;0.0000;1009;8.7879;82;1;0
CATALUNYA;CATALUNYA;2020-07-21;2020-07-27;Si;;;157.5119;102;5925.2281;3837;2.8378;66;0;21
CATALUNYA;CATALUNYA;2020-07-21;2020-07-27;No;179.88;1.15376;84.0135;6391;972.7616;73999;8.5301;617;153;39
CATALUNYA;CATALUNYA;2020-07-20;2020-07-26;--;;;0.0000;165;0.0000;994;9.2952;71;2;0
CATALUNYA;CATALUNYA;2020-07-20;2020-07-26;Si;;;177.5869;115;6087.3727;3942;3.2693;61;2;19
CATALUNYA;CATALUNYA;2020-07-20;2020-07-26;No;179.217;1.196;83.5534;6356;959.0902;72959;8.6326;640;155;39
CATALUNYA;CATALUNYA;2020-07-19;2020-07-25;No;185.393;1.25083;83.6849;6366;942.4610;71694;8.6957;603;151;39
CATALUNYA;CATALUNYA;2020-07-19;2020-07-25;--;;;0.0000;168;0.0000;985;9.1658;62;2;0
CATALUNYA;CATALUNYA;2020-07-19;2020-07-25;Si;;;191.4850;124;6197.0134;4013;3.4151;72;2;13
CATALUNYA;CATALUNYA;2020-07-18;2020-07-24;Si;;;230.0909;149;6206.2788;4019;4.6329;65;2;11
CATALUNYA;CATALUNYA;2020-07-18;2020-07-24;No;195.853;1.34417;84.4473;6424;931.4187;70854;8.9130;594;142;32
CATALUNYA;CATALUNYA;2020-07-18;2020-07-24;--;;;0.0000;202;0.0000;1008;11.5694;65;3;0
CATALUNYA;CATALUNYA;2020-07-17;2020-07-23;--;;;0.0000;216;0.0000;1073;12.1813;55;4;0
CATALUNYA;CATALUNYA;2020-07-17;2020-07-23;Si;;;222.3697;144;6135.2440;3973;4.7451;52;2;9
CATALUNYA;CATALUNYA;2020-07-17;2020-07-23;No;203.189;1.45901;83.0013;6314;887.4598;67510;9.2205;540;137;31
CATALUNYA;CATALUNYA;2020-07-16;2020-07-22;No;200.502;1.52783;80.6614;6136;841.5816;64020;9.4020;509;132;29
CATALUNYA;CATALUNYA;2020-07-16;2020-07-22;--;;;0.0000;223;0.0000;1054;12.9094;51;6;0
CATALUNYA;CATALUNYA;2020-07-16;2020-07-22;Si;;;237.8121;154;5863.4587;3797;4.8122;43;2;8
CATALUNYA;CATALUNYA;2020-07-15;2020-07-21;Si;;;293.4045;190;5576.2311;3611;6.4046;45;2;9
CATALUNYA;CATALUNYA;2020-07-15;2020-07-21;No;192.756;1.56574;77.5590;5900;797.0837;60635;9.3357;463;103;25
CATALUNYA;CATALUNYA;2020-07-15;2020-07-21;--;;;0.0000;225;0.0000;1001;13.9959;49;9;0
CATALUNYA;CATALUNYA;2020-07-14;2020-07-20;--;;;0.0000;229;0.0000;965;13.9706;41;9;0
CATALUNYA;CATALUNYA;2020-07-14;2020-07-20;Si;;;291.8603;189;5529.9041;3581;6.4209;45;2;9
CATALUNYA;CATALUNYA;2020-07-14;2020-07-20;No;179.992;1.59008;71.8933;5469;741.0572;56373;9.1223;446;79;19
CATALUNYA;CATALUNYA;2020-07-13;2020-07-19;No;164.754;1.61176;66.2932;5043;704.9593;53627;9.0456;405;76;13
CATALUNYA;CATALUNYA;2020-07-13;2020-07-19;--;;;0.0000;204;0.0000;905;13.5955;39;8;0
CATALUNYA;CATALUNYA;2020-07-13;2020-07-19;Si;;;268.6968;174;5531.4483;3582;5.9119;45;0;7
CATALUNYA;CATALUNYA;2020-07-12;2020-07-18;No;162.014;1.63456;64.5317;4909;693.3518;52744;8.8709;371;67;11
CATALUNYA;CATALUNYA;2020-07-12;2020-07-18;--;;;0.0000;203;0.0000;911;13.8393;36;8;0
CATALUNYA;CATALUNYA;2020-07-12;2020-07-18;Si;;;256.3429;166;5443.4269;3525;5.9368;35;0;9
CATALUNYA;CATALUNYA;2020-07-11;2020-07-17;--;;;0.0000;174;0.0000;867;11.3850;31;6;0
CATALUNYA;CATALUNYA;2020-07-11;2020-07-17;Si;;;206.9274;134;5094.4299;3299;4.6687;33;0;9
CATALUNYA;CATALUNYA;2020-07-11;2020-07-17;No;158.353;1.68571;61.2585;4660;661.5000;50321;8.6957;360;66;12
CATALUNYA;CATALUNYA;2020-07-10;2020-07-16;No;148.716;1.74961;56.2631;4280;621.8134;47302;8.5559;341;55;11
CATALUNYA;CATALUNYA;2020-07-10;2020-07-16;--;;;0.0000;148;0.0000;755;9.9596;34;7;0
CATALUNYA;CATALUNYA;2020-07-10;2020-07-16;Si;;;196.1177;127;4990.9662;3232;4.4138;32;0;9
CATALUNYA;CATALUNYA;2020-07-09;2020-07-15;No;136.4;1.80454;50.5711;3847;578.9324;44040;8.2965;315;53;10
CATALUNYA;CATALUNYA;2020-07-09;2020-07-15;--;;;0.0000;112;0.0000;631;8.6817;26;5;0
CATALUNYA;CATALUNYA;2020-07-09;2020-07-15;Si;;;186.8523;121;5244.2207;3396;4.4142;24;0;10
CATALUNYA;CATALUNYA;2020-07-08;2020-07-14;--;;;0.0000;99;0.0000;548;7.7778;23;3;0
CATALUNYA;CATALUNYA;2020-07-08;2020-07-14;Si;;;135.8926;88;5063.5452;3279;3.1110;23;0;9
CATALUNYA;CATALUNYA;2020-07-08;2020-07-14;No;123.524;1.82635;45.5495;3465;545.6872;41511;7.8924;322;51;12
CATALUNYA;CATALUNYA;2020-07-07;2020-07-13;--;;;0.0000;74;0.0000;509;7.3852;20;4;0
CATALUNYA;CATALUNYA;2020-07-07;2020-07-13;Si;;;165.2331;107;4963.1700;3214;2.9904;24;1;10
CATALUNYA;CATALUNYA;2020-07-07;2020-07-13;No;111.433;1.84239;41.3034;3142;528.5847;40210;7.3338;284;49;14
CATALUNYA;CATALUNYA;2020-07-06;2020-07-12;No;97.3213;1.83478;35.9269;2733;506.8025;38553;6.6519;263;37;12
CATALUNYA;CATALUNYA;2020-07-06;2020-07-12;--;;;0.0000;75;0.0000;464;8.2969;20;5;0
CATALUNYA;CATALUNYA;2020-07-06;2020-07-12;Si;;;149.7907;97;4643.5134;3007;2.8538;28;1;12
CATALUNYA;CATALUNYA;2020-07-05;2020-07-11;--;;;0.0000;71;0.0000;452;7.8475;23;5;0
CATALUNYA;CATALUNYA;2020-07-05;2020-07-11;Si;;;140.5253;91;4391.8032;2844;2.5000;28;1;10
CATALUNYA;CATALUNYA;2020-07-05;2020-07-11;No;93.3215;1.83202;34.5860;2631;495.8127;37717;6.5424;262;37;10
CATALUNYA;CATALUNYA;2020-07-04;2020-07-10;--;;;0.0000;62;0.0000;431;7.7647;24;5;0
CATALUNYA;CATALUNYA;2020-07-04;2020-07-10;Si;;;148.2465;96;4296.0606;2782;2.9016;29;1;9
CATALUNYA;CATALUNYA;2020-07-04;2020-07-10;No;86.2522;1.78977;32.6799;2486;482.1150;36675;6.3533;244;40;11
CATALUNYA;CATALUNYA;2020-07-03;2020-07-09;No;73.7079;1.71312;28.7362;2186;464.9600;35370;5.4397;251;35;13
CATALUNYA;CATALUNYA;2020-07-03;2020-07-09;--;;;0.0000;53;0.0000;378;6.7204;18;3;0
CATALUNYA;CATALUNYA;2020-07-03;2020-07-09;Si;;;132.8041;86;4013.4657;2599;2.7039;26;1;11
CATALUNYA;CATALUNYA;2020-07-02;2020-07-08;Si;;;115.8175;75;3608.8762;2337;2.3987;29;1;11
CATALUNYA;CATALUNYA;2020-07-02;2020-07-08;No;62.6249;1.63541;25.0160;1903;449.1064;34164;4.9184;232;29;14
CATALUNYA;CATALUNYA;2020-07-02;2020-07-08;--;;;0.0000;45;0.0000;347;6.7251;17;3;0
CATALUNYA;CATALUNYA;2020-07-01;2020-07-07;--;;;0.0000;38;0.0000;316;4.7923;17;2;0
CATALUNYA;CATALUNYA;2020-07-01;2020-07-07;Si;;;83.3886;54;3418.9354;2214;1.5954;29;1;10
CATALUNYA;CATALUNYA;2020-07-01;2020-07-07;No;53.7471;1.63609;22.0846;1680;436.8547;33232;4.4502;210;23;16
CATALUNYA;CATALUNYA;2020-06-30;2020-07-06;No;47.8155;1.64438;19.1794;1459;428.2443;32577;3.9346;187;22;17
CATALUNYA;CATALUNYA;2020-06-30;2020-07-06;--;;;0.0000;33;0.0000;303;3.6667;17;1;0
CATALUNYA;CATALUNYA;2020-06-30;2020-07-06;Si;;;40.1500;26;3286.1312;2128;1.4510;27;0;10
CATALUNYA;CATALUNYA;2020-06-29;2020-07-05;Si;;;37.0616;24;3133.2520;2029;1.4867;25;0;10
CATALUNYA;CATALUNYA;2020-06-29;2020-07-05;No;43.4688;1.67854;17.1155;1302;429.8087;32696;3.7173;188;19;17
CATALUNYA;CATALUNYA;2020-06-29;2020-07-05;--;;;0.0000;24;0.0000;277;3.6496;16;0;0
CATALUNYA;CATALUNYA;2020-06-28;2020-07-04;--;;;0.0000;24;0.0000;273;3.3333;11;0;0
CATALUNYA;CATALUNYA;2020-06-28;2020-07-04;Si;;;37.0616;24;3184.2117;2062;1.4659;24;0;11
CATALUNYA;CATALUNYA;2020-06-28;2020-07-04;No;41.6369;1.67586;16.3531;1244;429.2960;32657;3.6188;181;15;17
CATALUNYA;CATALUNYA;2020-06-27;2020-07-03;No;40.1724;1.69211;15.5118;1180;433.4237;32971;3.4312;188;13;15
CATALUNYA;CATALUNYA;2020-06-27;2020-07-03;--;;;0.0000;21;0.0000;284;2.8470;7;0;0
CATALUNYA;CATALUNYA;2020-06-27;2020-07-03;Si;;;24.7077;16;3210.4637;2079;0.9591;24;0;11
CATALUNYA;CATALUNYA;2020-06-26;2020-07-02;No;35.3746;1.65294;14.2892;1087;438.8134;33381;3.0924;161;17;13
CATALUNYA;CATALUNYA;2020-06-26;2020-07-02;--;;;0.0000;18;0.0000;291;3.1250;5;0;0
CATALUNYA;CATALUNYA;2020-06-26;2020-07-02;Si;;;38.6058;25;3392.6834;2197;1.4458;27;0;11
CATALUNYA;CATALUNYA;2020-06-25;2020-07-01;--;;;0.0000;18;0.0000;315;2.5641;4;1;0
CATALUNYA;CATALUNYA;2020-06-25;2020-07-01;Si;;;35.5173;23;3199.6540;2072;1.4175;27;0;11
CATALUNYA;CATALUNYA;2020-06-25;2020-07-01;No;31.7157;1.60096;13.2770;1010;423.8274;32241;2.7056;168;15;14
CATALUNYA;CATALUNYA;2020-06-24;2020-06-30;No;26.3933;1.51074;10.7662;819;375.7276;28582;2.4749;156;14;9
CATALUNYA;CATALUNYA;2020-06-24;2020-06-30;--;;;0.0000;11;0.0000;271;2.2472;3;1;0
CATALUNYA;CATALUNYA;2020-06-24;2020-06-30;Si;;;35.5173;23;2833.6704;1835;1.6937;28;0;12
CATALUNYA;CATALUNYA;2020-06-23;2020-06-29;No;23.6271;1.45533;9.8986;753;375.9511;28599;2.2867;165;15;6
CATALUNYA;CATALUNYA;2020-06-23;2020-06-29;--;;;0.0000;19;0.0000;270;3.4091;3;1;0
CATALUNYA;CATALUNYA;2020-06-23;2020-06-29;Si;;;43.2385;28;2824.4050;1829;2.1572;29;0;11
CATALUNYA;CATALUNYA;2020-06-22;2020-06-28;--;;;0.0000;16;0.0000;259;2.7668;11;1;0
CATALUNYA;CATALUNYA;2020-06-22;2020-06-28;Si;;;43.2385;28;2881.5417;1866;2.1605;29;0;11
CATALUNYA;CATALUNYA;2020-06-22;2020-06-28;No;20.889;1.39146;8.7812;668;366.9858;27917;2.2643;165;19;10
CATALUNYA;CATALUNYA;2020-06-21;2020-06-27;--;;;0.0000;16;0.0000;260;2.7559;11;1;0
CATALUNYA;CATALUNYA;2020-06-21;2020-06-27;Si;;;43.2385;28;2824.4050;1829;2.2065;29;0;11
CATALUNYA;CATALUNYA;2020-06-21;2020-06-27;No;19.4218;1.34557;8.4920;646;365.0797;27772;2.1594;161;19;12
CATALUNYA;CATALUNYA;2020-06-20;2020-06-26;No;17.9022;1.27394;8.2291;626;363.6731;27665;2.1571;146;16;14
CATALUNYA;CATALUNYA;2020-06-20;2020-06-26;--;;;0.0000;17;0.0000;247;2.9046;12;1;0
CATALUNYA;CATALUNYA;2020-06-20;2020-06-26;Si;;;43.2385;28;2822.8608;1828;2.1875;32;0;14
CATALUNYA;CATALUNYA;2020-06-19;2020-06-25;--;;;0.0000;16;0.0000;233;1.7699;14;1;0
CATALUNYA;CATALUNYA;2020-06-19;2020-06-25;Si;;;32.4289;21;2762.6356;1789;1.6488;34;0;13
CATALUNYA;CATALUNYA;2020-06-19;2020-06-25;No;15.6889;1.19947;7.1117;541;350.6195;26672;1.8889;135;12;15
CATALUNYA;CATALUNYA;2020-06-18;2020-06-24;--;;;0.0000;15;0.0000;224;2.3148;14;0;0
CATALUNYA;CATALUNYA;2020-06-18;2020-06-24;Si;;;41.6943;27;3028.2440;1961;2.2053;33;0;12
CATALUNYA;CATALUNYA;2020-06-18;2020-06-24;No;14.3345;1.18141;6.5333;497;368.5764;28038;1.8533;134;17;16
CATALUNYA;CATALUNYA;2020-06-17;2020-06-23;No;14.8775;1.15249;6.7042;510;416.4264;31678;1.6740;154;20;19
CATALUNYA;CATALUNYA;2020-06-17;2020-06-23;--;;;0.0000;15;0.0000;249;2.0747;14;0;0
CATALUNYA;CATALUNYA;2020-06-17;2020-06-23;Si;;;55.5924;36;3659.8360;2370;2.3514;33;0;12
CATALUNYA;CATALUNYA;2020-06-16;2020-06-22;Si;;;55.5924;36;3871.3961;2507;2.3403;35;0;13
CATALUNYA;CATALUNYA;2020-06-16;2020-06-22;No;13.9792;1.10542;6.3361;482;418.0039;31798;1.5130;151;19;19
CATALUNYA;CATALUNYA;2020-06-16;2020-06-22;--;;;0.0000;10;0.0000;257;1.2000;14;0;0
CATALUNYA;CATALUNYA;2020-06-15;2020-06-21;--;;;0.0000;10;0.0000;289;0.7067;5;0;0
CATALUNYA;CATALUNYA;2020-06-15;2020-06-21;Si;;;58.6809;38;3951.6963;2559;2.3810;31;1;17
CATALUNYA;CATALUNYA;2020-06-15;2020-06-21;No;13.4004;1.06185;6.2310;474;432.1486;32874;1.4355;136;16;21
CATALUNYA;CATALUNYA;2020-06-14;2020-06-20;No;12.9196;1.0302;5.9418;452;431.6885;32839;1.3708;140;18;24
CATALUNYA;CATALUNYA;2020-06-14;2020-06-20;--;;;0.0000;9;0.0000;293;0.6969;5;0;0
CATALUNYA;CATALUNYA;2020-06-14;2020-06-20;Si;;;66.4020;43;4008.8330;2596;2.6946;33;1;20
CATALUNYA;CATALUNYA;2020-06-13;2020-06-19;Si;;;66.4020;43;4055.1600;2626;2.6786;29;1;20
CATALUNYA;CATALUNYA;2020-06-13;2020-06-19;No;12.101;0.952936;5.8235;443;432.8979;32931;1.2894;141;18;23
CATALUNYA;CATALUNYA;2020-06-13;2020-06-19;--;;;0.0000;8;0.0000;290;0.7042;4;0;0
CATALUNYA;CATALUNYA;2020-06-12;2020-06-18;--;;;0.0000;7;0.0000;324;0.9434;3;0;0
CATALUNYA;CATALUNYA;2020-06-12;2020-06-18;Si;;;88.0213;57;4569.3901;2959;3.3538;27;1;20
CATALUNYA;CATALUNYA;2020-06-12;2020-06-18;No;11.8877;0.860429;5.9681;454;450.4341;34265;1.2858;150;21;23
CATALUNYA;CATALUNYA;2020-06-11;2020-06-17;No;11.1928;0.796491;5.6000;426;458.0980;34848;1.1936;144;20;22
CATALUNYA;CATALUNYA;2020-06-11;2020-06-17;--;;;0.0000;7;0.0000;345;0.8824;3;0;0
CATALUNYA;CATALUNYA;2020-06-11;2020-06-17;Si;;;77.2117;50;4671.3096;3025;2.8217;28;1;24
CATALUNYA;CATALUNYA;2020-06-10;2020-06-16;No;11.5208;0.778333;6.2047;472;470.8098;35815;1.3568;127;18;23
CATALUNYA;CATALUNYA;2020-06-10;2020-06-16;--;;;0.0000;9;0.0000;362;1.1236;5;0;0
CATALUNYA;CATALUNYA;2020-06-10;2020-06-16;Si;;;80.3001;52;4858.1620;3146;2.9041;31;2;25
CATALUNYA;CATALUNYA;2020-06-09;2020-06-15;--;;;0.0000;7;0.0000;344;0.8902;4;0;0
CATALUNYA;CATALUNYA;2020-06-09;2020-06-15;Si;;;81.8444;53;5247.3091;3398;3.1492;31;2;22
CATALUNYA;CATALUNYA;2020-06-09;2020-06-15;No;11.6181;0.769861;6.3098;480;473.1234;35991;1.3617;125;18;25
CATALUNYA;CATALUNYA;2020-06-08;2020-06-14;No;11.7732;0.790466;6.3887;486;477.4746;36322;1.3259;131;22;30
CATALUNYA;CATALUNYA;2020-06-08;2020-06-14;--;;;0.0000;6;0.0000;350;0.8772;5;0;0
CATALUNYA;CATALUNYA;2020-06-08;2020-06-14;Si;;;111.1848;72;5537.6252;3586;3.4297;37;1;20
CATALUNYA;CATALUNYA;2020-06-07;2020-06-13;No;13.1616;0.862377;6.5990;502;484.0474;36822;1.3611;134;24;31
CATALUNYA;CATALUNYA;2020-06-07;2020-06-13;--;;;0.0000;7;0.0000;354;1.1561;6;0;0
CATALUNYA;CATALUNYA;2020-06-07;2020-06-13;Si;;;117.3618;76;5650.3544;3659;3.5506;35;1;19
CATALUNYA;CATALUNYA;2020-06-06;2020-06-12;--;;;0.0000;8;0.0000;366;1.1173;6;0;0
CATALUNYA;CATALUNYA;2020-06-06;2020-06-12;Si;;;120.4502;78;5848.0164;3787;3.6277;35;1;21
CATALUNYA;CATALUNYA;2020-06-06;2020-06-12;No;15.0899;0.944779;6.8751;523;496.1151;37740;1.4181;148;30;33
CATALUNYA;CATALUNYA;2020-06-05;2020-06-11;--;;;0.0000;7;0.0000;398;1.0256;7;0;0
CATALUNYA;CATALUNYA;2020-06-05;2020-06-11;Si;;;115.8175;75;6129.0671;3969;3.3378;41;1;25
CATALUNYA;CATALUNYA;2020-06-05;2020-06-11;No;16.6782;0.994302;7.8479;597;510.0363;38799;1.5992;164;28;33
CATALUNYA;CATALUNYA;2020-06-04;2020-06-10;No;17.8487;1.00799;8.4526;643;522.9058;39778;1.6829;167;29;34
CATALUNYA;CATALUNYA;2020-06-04;2020-06-10;--;;;0.0000;7;0.0000;442;0.6912;10;1;0
CATALUNYA;CATALUNYA;2020-06-04;2020-06-10;Si;;;146.7022;95;6613.9567;4283;3.3835;42;1;26
CATALUNYA;CATALUNYA;2020-06-03;2020-06-09;--;;;0.0000;6;0.0000;453;0.6726;10;1;0
CATALUNYA;CATALUNYA;2020-06-03;2020-06-09;Si;;;137.4368;89;6629.3991;4293;3.2814;41;0;37
CATALUNYA;CATALUNYA;2020-06-03;2020-06-09;No;18.1908;1.00057;8.5972;654;533.0542;40550;1.6640;178;27;34
CATALUNYA;CATALUNYA;2020-06-02;2020-06-08;--;;;0.0000;7;0.0000;467;0.6508;9;2;0
CATALUNYA;CATALUNYA;2020-06-02;2020-06-08;Si;;;149.7907;97;6331.3618;4100;3.1615;42;0;44
CATALUNYA;CATALUNYA;2020-06-02;2020-06-08;No;18.7575;0.979344;8.7812;668;525.9030;40006;1.7017;189;27;34
CATALUNYA;CATALUNYA;2020-06-01;2020-06-07;No;19.2803;0.951147;8.5052;647;500.7686;38094;1.7679;190;24;26
CATALUNYA;CATALUNYA;2020-06-01;2020-06-07;--;;;0.0000;8;0.0000;426;0.9501;10;3;0
CATALUNYA;CATALUNYA;2020-06-01;2020-06-07;Si;;;126.6272;82;6073.4746;3933;2.9425;37;0;46
CATALUNYA;CATALUNYA;2020-05-31;2020-06-06;Si;;;117.3618;76;6413.2062;4153;2.4783;39;1;55
CATALUNYA;CATALUNYA;2020-05-31;2020-06-06;No;18.6039;0.876296;8.6629;659;512.5865;38993;1.7568;194;23;26
CATALUNYA;CATALUNYA;2020-05-31;2020-06-06;--;;;0.0000;7;0.0000;437;0.6944;10;4;0
CATALUNYA;CATALUNYA;2020-05-30;2020-06-05;--;;;0.0000;7;0.0000;501;0.8065;12;4;0
CATALUNYA;CATALUNYA;2020-05-30;2020-06-05;Si;;;140.5253;91;7094.2137;4594;2.6363;40;1;57
CATALUNYA;CATALUNYA;2020-05-30;2020-06-05;No;17.0273;0.792224;9.0967;692;530.0176;40319;1.7866;186;21;25
CATALUNYA;CATALUNYA;2020-05-29;2020-06-04;No;16.5741;0.754524;8.9258;679;532.2129;40486;1.7084;179;24;31
CATALUNYA;CATALUNYA;2020-05-29;2020-06-04;--;;;0.0000;10;0.0000;495;1.4257;10;4;0
CATALUNYA;CATALUNYA;2020-05-29;2020-06-04;Si;;;172.9542;112;7378.3529;4778;3.1735;37;1;62
CATALUNYA;CATALUNYA;2020-05-28;2020-06-03;Si;;;177.5869;115;7949.7197;5148;3.4472;45;2;64
CATALUNYA;CATALUNYA;2020-05-28;2020-06-03;No;17.7318;0.753141;9.2545;704;547.0543;41615;1.7069;183;21;36
CATALUNYA;CATALUNYA;2020-05-28;2020-06-03;--;;;0.0000;15;0.0000;569;2.3214;8;3;0
CATALUNYA;CATALUNYA;2020-05-27;2020-06-02;--;;;0.0000;17;0.0000;662;2.1440;8;4;0
CATALUNYA;CATALUNYA;2020-05-27;2020-06-02;Si;;;188.3966;122;8170.5452;5291;3.4940;41;2;59
CATALUNYA;CATALUNYA;2020-05-27;2020-06-02;No;18.5315;0.777557;9.5831;729;545.8581;41524;1.7402;180;23;41
CATALUNYA;CATALUNYA;2020-05-26;2020-06-01;No;20.6735;0.815268;10.3718;789;569.3098;43308;1.8306;178;28;48
CATALUNYA;CATALUNYA;2020-05-26;2020-06-01;--;;;0.0000;16;0.0000;731;1.9471;10;3;0
CATALUNYA;CATALUNYA;2020-05-26;2020-06-01;Si;;;202.2947;131;9225.2575;5974;3.4997;40;3;60
CATALUNYA;CATALUNYA;2020-05-25;2020-05-31;No;22.8974;0.847192;11.7653;895;610.9157;46473;1.9332;183;34;53
CATALUNYA;CATALUNYA;2020-05-25;2020-05-31;--;;;0.0000;15;0.0000;806;1.6414;11;2;0
CATALUNYA;CATALUNYA;2020-05-25;2020-05-31;Si;;;257.8871;167;10358.7256;6708;3.6940;43;4;65
CATALUNYA;CATALUNYA;2020-05-24;2020-05-30;--;;;0.0000;18;0.0000;866;1.8868;10;1;0
CATALUNYA;CATALUNYA;2020-05-24;2020-05-30;Si;;;279.5064;181;10838.9826;7019;3.8567;52;3;63
CATALUNYA;CATALUNYA;2020-05-24;2020-05-30;No;23.6447;0.87357;12.5671;956;618.4218;47044;2.0547;186;32;56
CATALUNYA;CATALUNYA;2020-05-23;2020-05-29;No;25.421;0.934204;12.3963;943;616.8443;46924;1.9989;185;28;66
CATALUNYA;CATALUNYA;2020-05-23;2020-05-29;--;;;0.0000;17;0.0000;884;1.7341;8;1;0
CATALUNYA;CATALUNYA;2020-05-23;2020-05-29;Si;;;291.8603;189;11589.4806;7505;3.7053;57;3;72
CATALUNYA;CATALUNYA;2020-05-22;2020-05-28;No;28.377;1.03533;13.0404;992;617.5148;46975;2.1074;178;29;69
CATALUNYA;CATALUNYA;2020-05-22;2020-05-28;--;;;0.0000;16;0.0000;908;1.4640;12;1;0
CATALUNYA;CATALUNYA;2020-05-22;2020-05-28;Si;;;310.3911;201;12616.3966;8170;3.5941;63;3;72
CATALUNYA;CATALUNYA;2020-05-21;2020-05-27;--;;;0.0000;11;0.0000;851;0.8383;15;1;0
CATALUNYA;CATALUNYA;2020-05-21;2020-05-27;Si;;;330.4662;214;13768.3956;8916;3.5791;63;2;76
CATALUNYA;CATALUNYA;2020-05-21;2020-05-27;No;30.716;1.12499;14.2892;1087;622.2340;47334;2.3446;203;33;77
CATALUNYA;CATALUNYA;2020-05-20;2020-05-26;--;;;0.0000;8;0.0000;789;0.7772;13;0;0
CATALUNYA;CATALUNYA;2020-05-20;2020-05-26;Si;;;412.3106;267;15101.0701;9779;4.0716;66;2;82
CATALUNYA;CATALUNYA;2020-05-20;2020-05-26;No;32.3859;1.18387;14.2498;1084;626.8481;47685;2.2891;217;35;85
CATALUNYA;CATALUNYA;2020-05-19;2020-05-25;No;33.6204;1.22605;14.9859;1140;636.1684;48394;2.4130;230;29;96
CATALUNYA;CATALUNYA;2020-05-19;2020-05-25;--;;;0.0000;12;0.0000;718;1.2766;13;0;0
CATALUNYA;CATALUNYA;2020-05-19;2020-05-25;Si;;;410.7664;266;15635.3753;10125;3.7471;72;2;84
CATALUNYA;CATALUNYA;2020-05-18;2020-05-24;--;;;0.0000;15;0.0000;671;1.6692;10;0;1
CATALUNYA;CATALUNYA;2020-05-18;2020-05-24;Si;;;365.9836;237;15970.4742;10342;3.3972;73;2;75
CATALUNYA;CATALUNYA;2020-05-18;2020-05-24;No;33.9276;1.23311;15.2620;1161;642.0182;48839;2.4167;238;29;101
CATALUNYA;CATALUNYA;2020-05-17;2020-05-23;--;;;0.0000;12;0.0000;593;1.3675;11;0;1
CATALUNYA;CATALUNYA;2020-05-17;2020-05-23;Si;;;350.5412;227;16077.0264;10411;3.1737;69;2;75
CATALUNYA;CATALUNYA;2020-05-17;2020-05-23;No;32.9679;1.22396;14.4996;1103;629.0566;47853;2.3395;232;31;108
CATALUNYA;CATALUNYA;2020-05-16;2020-05-22;No;32.0531;1.17907;14.8150;1127;632.7374;48133;2.4254;236;33;109
CATALUNYA;CATALUNYA;2020-05-16;2020-05-22;--;;;0.0000;12;0.0000;504;1.6097;15;0;1
CATALUNYA;CATALUNYA;2020-05-16;2020-05-22;Si;;;342.8200;222;15561.2520;10077;3.2337;66;2;72
CATALUNYA;CATALUNYA;2020-05-15;2020-05-21;Si;;;336.6431;218;14504.9955;9393;3.3971;68;2;84
CATALUNYA;CATALUNYA;2020-05-15;2020-05-21;No;29.8507;1.13086;14.3681;1093;613.5448;46673;2.4040;258;33;116
CATALUNYA;CATALUNYA;2020-05-15;2020-05-21;--;;;0.0000;10;0.0000;417;1.4563;14;0;1
CATALUNYA;CATALUNYA;2020-05-14;2020-05-20;--;;;0.0000;12;0.0000;333;2.1277;13;0;1
CATALUNYA;CATALUNYA;2020-05-14;2020-05-20;Si;;;358.2624;232;13626.3261;8824;3.5584;76;2;87
CATALUNYA;CATALUNYA;2020-05-14;2020-05-20;No;27.2821;1.10451;13.0141;990;600.5701;45686;2.1518;250;31;113
CATALUNYA;CATALUNYA;2020-05-13;2020-05-19;No;27.4674;1.10379;13.1061;997;586.5569;44620;2.2186;266;34;113
CATALUNYA;CATALUNYA;2020-05-13;2020-05-19;--;;;0.0000;13;0.0000;312;1.9544;14;0;1
CATALUNYA;CATALUNYA;2020-05-13;2020-05-19;Si;;;318.1123;206;13627.8703;8825;3.1954;78;2;91
CATALUNYA;CATALUNYA;2020-05-12;2020-05-18;Si;;;350.5412;227;13331.3773;8633;3.5783;77;1;100
CATALUNYA;CATALUNYA;2020-05-12;2020-05-18;No;26.3973;1.09731;12.4357;946;557.3473;42398;2.1017;280;42;114
CATALUNYA;CATALUNYA;2020-05-12;2020-05-18;--;;;0.0000;8;0.0000;307;0.9967;15;0;2
CATALUNYA;CATALUNYA;2020-05-11;2020-05-17;--;;;0.0000;9;0.0000;302;0.6734;17;0;1
CATALUNYA;CATALUNYA;2020-05-11;2020-05-17;Si;;;370.6163;240;13280.4175;8600;3.9142;85;0;133
CATALUNYA;CATALUNYA;2020-05-11;2020-05-17;No;25.9497;1.10219;12.2517;932;535.4599;40733;2.1262;299;39;122
CATALUNYA;CATALUNYA;2020-05-10;2020-05-16;No;26.2086;1.10824;12.4357;946;529.4261;40274;2.1395;315;41;129
CATALUNYA;CATALUNYA;2020-05-10;2020-05-16;--;;;0.0000;9;0.0000;309;0.6601;16;0;1
CATALUNYA;CATALUNYA;2020-05-10;2020-05-16;Si;;;396.8682;257;12699.7853;8224;4.4294;88;0;150
CATALUNYA;CATALUNYA;2020-05-09;2020-05-15;No;25.9128;1.09695;12.3700;941;512.1790;38962;2.1184;340;45;126
CATALUNYA;CATALUNYA;2020-05-09;2020-05-15;--;;;0.0000;10;0.0000;338;0.9063;12;0;1
CATALUNYA;CATALUNYA;2020-05-09;2020-05-15;Si;;;455.5492;295;12710.5949;8231;4.9759;93;0;166
CATALUNYA;CATALUNYA;2020-05-08;2020-05-14;--;;;0.0000;12;0.0000;354;0.8646;12;0;2
CATALUNYA;CATALUNYA;2020-05-08;2020-05-14;Si;;;469.4473;304;13041.0611;8445;4.8324;96;1;169
CATALUNYA;CATALUNYA;2020-05-08;2020-05-14;No;25.0777;1.07901;12.0282;915;497.1273;37817;2.0360;351;50;133
CATALUNYA;CATALUNYA;2020-05-07;2020-05-13;No;24.863;1.02457;11.6864;889;477.8558;36351;2.0896;360;52;155
CATALUNYA;CATALUNYA;2020-05-07;2020-05-13;--;;;0.0000;12;0.0000;417;0.9732;11;1;2
CATALUNYA;CATALUNYA;2020-05-07;2020-05-13;Si;;;461.7261;299;13050.3266;8451;4.6390;92;1;201
CATALUNYA;CATALUNYA;2020-05-06;2020-05-12;No;24.7678;0.95398;11.7784;896;481.9178;36660;2.0421;375;48;170
CATALUNYA;CATALUNYA;2020-05-06;2020-05-12;--;;;0.0000;16;0.0000;428;1.6471;13;2;2
CATALUNYA;CATALUNYA;2020-05-06;2020-05-12;Si;;;528.1282;342;13539.8489;8768;4.6972;97;1;232
CATALUNYA;CATALUNYA;2020-05-05;2020-05-11;--;;;0.0000;18;0.0000;441;1.8349;14;3;2
CATALUNYA;CATALUNYA;2020-05-05;2020-05-11;Si;;;566.7340;367;13893.4786;8997;4.6235;104;1;260
CATALUNYA;CATALUNYA;2020-05-05;2020-05-11;No;23.9284;0.881909;11.6207;884;476.6202;36257;2.0149;398;45;190
CATALUNYA;CATALUNYA;2020-05-04;2020-05-10;--;;;0.0000;22;0.0000;481;2.3256;14;4;2
CATALUNYA;CATALUNYA;2020-05-04;2020-05-10;Si;;;630.0477;408;14525.0706;9406;4.6239;110;2;277
CATALUNYA;CATALUNYA;2020-05-04;2020-05-10;No;23.4257;0.834279;11.2920;859;475.9629;36207;2.0043;401;43;202
CATALUNYA;CATALUNYA;2020-05-03;2020-05-09;No;22.6952;0.784749;11.2132;853;482.7592;36724;1.9987;401;42;216
CATALUNYA;CATALUNYA;2020-05-03;2020-05-09;--;;;0.0000;24;0.0000;489;2.6971;17;4;2
CATALUNYA;CATALUNYA;2020-05-03;2020-05-09;Si;;;620.7823;402;15379.0323;9959;4.1892;110;3;301
CATALUNYA;CATALUNYA;2020-05-02;2020-05-08;--;;;0.0000;23;0.0000;497;2.4490;20;4;3
CATALUNYA;CATALUNYA;2020-05-02;2020-05-08;Si;;;626.9592;406;15351.2361;9941;3.8921;118;3;329
CATALUNYA;CATALUNYA;2020-05-02;2020-05-08;No;22.2795;0.742368;11.2526;856;481.6812;36642;2.0320;390;40;240
CATALUNYA;CATALUNYA;2020-05-01;2020-05-07;--;;;0.0000;23;0.0000;597;2.3850;28;6;4
CATALUNYA;CATALUNYA;2020-05-01;2020-05-07;Si;;;657.8439;426;15931.8683;10317;3.6220;115;2;367
CATALUNYA;CATALUNYA;2020-05-01;2020-05-07;No;22.4376;0.669878;11.2132;853;465.1966;35388;2.1607;377;31;239
CATALUNYA;CATALUNYA;2020-04-30;2020-05-06;No;23.8422;0.651239;12.5803;957;486.1902;36985;2.3396;329;23;243
CATALUNYA;CATALUNYA;2020-04-30;2020-05-06;--;;;0.0000;27;0.0000;660;2.1605;26;5;4
CATALUNYA;CATALUNYA;2020-04-30;2020-05-06;Si;;;755.1307;489;17573.3897;11380;3.7939;99;2;376
CATALUNYA;CATALUNYA;2020-04-29;2020-05-05;Si;;;904.9214;586;18120.0487;11734;3.7030;87;2;393
CATALUNYA;CATALUNYA;2020-04-29;2020-05-05;No;26.0038;0.636057;14.1841;1079;488.6747;37174;2.6168;258;19;251
CATALUNYA;CATALUNYA;2020-04-29;2020-05-05;--;;;0.0000;29;0.0000;687;2.0990;23;4;4
CATALUNYA;CATALUNYA;2020-04-28;2020-05-04;--;;;0.0000;39;0.0000;784;2.8758;19;3;3
CATALUNYA;CATALUNYA;2020-04-28;2020-05-04;Si;;;1077.8757;698;19380.1442;12550;4.5188;68;2;424
CATALUNYA;CATALUNYA;2020-04-28;2020-05-04;No;28.3114;0.638317;15.5118;1180;507.0128;38569;2.9051;177;12;259
CATALUNYA;CATALUNYA;2020-04-27;2020-05-03;No;31.2386;0.638805;16.7869;1277;504.6334;38388;3.1204;117;9;265
CATALUNYA;CATALUNYA;2020-04-27;2020-05-03;--;;;0.0000;43;0.0000;757;3.7838;17;2;3
CATALUNYA;CATALUNYA;2020-04-27;2020-05-03;Si;;;1090.2296;706;20183.1462;13070;4.2617;47;1;448
CATALUNYA;CATALUNYA;2020-04-26;2020-05-02;Si;;;1240.0203;803;20828.6362;13488;4.9133;35;0;468
CATALUNYA;CATALUNYA;2020-04-26;2020-05-02;No;33.6939;0.664885;17.7071;1347;519.3302;39506;3.2331;82;5;285
CATALUNYA;CATALUNYA;2020-04-26;2020-05-02;--;;;0.0000;44;0.0000;760;3.9242;14;2;3
CATALUNYA;CATALUNYA;2020-04-25;2020-05-01;--;;;0.0000;49;0.0000;738;4.4630;11;2;2
CATALUNYA;CATALUNYA;2020-04-25;2020-05-01;Si;;;1354.2937;877;21846.2868;14147;5.4607;16;0;490
CATALUNYA;CATALUNYA;2020-04-25;2020-05-01;No;36.4662;0.68766;18.7587;1427;530.4646;40353;3.4364;45;1;304
CATALUNYA;CATALUNYA;2020-04-24;2020-04-30;No;42.9335;0.733108;22.2818;1695;554.8891;42211;3.9733;0;0;341
CATALUNYA;CATALUNYA;2020-04-24;2020-04-30;--;;;0.0000;58;0.0000;629;6.4356;0;0;0
CATALUNYA;CATALUNYA;2020-04-24;2020-04-30;Si;;;1595.1943;1033;23690.1030;15341;6.5696;0;0;514
CATALUNYA;CATALUNYA;2020-04-23;2020-04-29;No;46.9052;0.751027;24.0301;1828;540.2317;41096;4.5635;0;0;357
CATALUNYA;CATALUNYA;2020-04-23;2020-04-29;--;;;0.0000;53;0.0000;530;7.5397;0;0;1
CATALUNYA;CATALUNYA;2020-04-23;2020-04-29;Si;;;1900.9527;1231;23064.6879;14936;8.1079;0;0;537
CATALUNYA;CATALUNYA;2020-04-22;2020-04-28;--;;;0.0000;56;0.0000;484;9.4828;0;0;4
CATALUNYA;CATALUNYA;2020-04-22;2020-04-28;Si;;;2223.6978;1440;24315.5180;15746;10.5151;0;0;561
CATALUNYA;CATALUNYA;2020-04-22;2020-04-28;No;51.8698;0.782119;26.6987;2031;537.7604;40908;5.3074;0;0;374
CATALUNYA;CATALUNYA;2020-04-21;2020-04-27;No;57.181;0.80181;28.8414;2194;519.1068;39489;6.0255;0;0;397
CATALUNYA;CATALUNYA;2020-04-21;2020-04-27;--;;;0.0000;51;0.0000;383;11.0193;0;0;4
CATALUNYA;CATALUNYA;2020-04-21;2020-04-27;Si;;;2632.9199;1705;25478.3266;16499;11.9468;0;0;607
CATALUNYA;CATALUNYA;2020-04-20;2020-04-26;No;61.3606;0.827911;32.1147;2443;516.8194;39315;6.8403;0;0;435
CATALUNYA;CATALUNYA;2020-04-20;2020-04-26;--;;;0.0000;43;0.0000;349;10.1227;0;0;4
CATALUNYA;CATALUNYA;2020-04-20;2020-04-26;Si;;;3066.8499;1986;25450.5304;16481;14.2316;0;0;645
CATALUNYA;CATALUNYA;2020-04-19;2020-04-25;--;;;0.0000;41;0.0000;336;9.4637;0;0;4
CATALUNYA;CATALUNYA;2020-04-19;2020-04-25;Si;;;3232.0830;2093;25584.8788;16568;15.0535;0;0;706
CATALUNYA;CATALUNYA;2020-04-19;2020-04-25;No;64.4621;0.839243;32.9691;2508;501.6625;38162;7.3518;0;0;449
CATALUNYA;CATALUNYA;2020-04-18;2020-04-24;--;;;0.0000;41;0.0000;326;9.4771;0;0;5
CATALUNYA;CATALUNYA;2020-04-18;2020-04-24;Si;;;3627.4070;2349;26672.0200;17272;16.2150;0;0;765
CATALUNYA;CATALUNYA;2020-04-18;2020-04-24;No;68.8189;0.861608;34.2705;2607;489.8578;37264;7.8369;0;0;462
CATALUNYA;CATALUNYA;2020-04-17;2020-04-23;No;71.2627;0.868754;36.2818;2760;470.5732;35797;8.6819;0;0;495
CATALUNYA;CATALUNYA;2020-04-17;2020-04-23;--;;;0.0000;40;0.0000;310;8.1633;0;0;7
CATALUNYA;CATALUNYA;2020-04-17;2020-04-23;Si;;;4788.6714;3101;26313.7575;17040;19.5600;0;0;831
CATALUNYA;CATALUNYA;2020-04-16;2020-04-22;--;;;0.0000;43;0.0000;285;9.8901;0;0;8
CATALUNYA;CATALUNYA;2020-04-16;2020-04-22;Si;;;5336.8747;3456;26537.6716;17185;21.3184;0;0;908
CATALUNYA;CATALUNYA;2020-04-16;2020-04-22;No;76.7974;0.876528;38.4246;2923;453.4313;34493;9.6388;0;0;524
CATALUNYA;CATALUNYA;2020-04-15;2020-04-21;--;;;0.0000;41;0.0000;293;7.8571;0;0;8
CATALUNYA;CATALUNYA;2020-04-15;2020-04-21;Si;;;5855.7376;3792;24905.4156;16128;23.6622;0;0;983
CATALUNYA;CATALUNYA;2020-04-15;2020-04-21;No;79.4475;0.866474;39.6208;3014;428.7307;32614;10.5839;0;0;556
CATALUNYA;CATALUNYA;2020-04-14;2020-04-20;No;83.011;0.861374;42.4734;3231;412.4302;31374;11.7203;0;0;589
CATALUNYA;CATALUNYA;2020-04-14;2020-04-20;--;;;0.0000;41;0.0000;278;7.5188;0;0;8
CATALUNYA;CATALUNYA;2020-04-14;2020-04-20;Si;;;6042.5899;3913;22097.9971;14310;26.8005;0;0;1023
CATALUNYA;CATALUNYA;2020-04-13;2020-04-19;Si;;;5945.3032;3850;19949.9667;12919;27.9884;0;0;1083
CATALUNYA;CATALUNYA;2020-04-13;2020-04-19;No;87.4942;0.844428;42.0002;3195;384.0488;29215;12.3503;0;0;597
CATALUNYA;CATALUNYA;2020-04-13;2020-04-19;--;;;0.0000;41;0.0000;262;7.9365;0;0;8
CATALUNYA;CATALUNYA;2020-04-12;2020-04-18;--;;;0.0000;43;0.0000;258;8.0972;0;0;9
CATALUNYA;CATALUNYA;2020-04-12;2020-04-18;Si;;;5895.8877;3818;18987.9086;12296;29.2445;0;0;1156
CATALUNYA;CATALUNYA;2020-04-12;2020-04-18;No;88.0637;0.825419;43.8405;3335;380.4338;28940;12.9668;0;0;624
CATALUNYA;CATALUNYA;2020-04-11;2020-04-17;No;87.0667;0.791214;45.6021;3469;372.6253;28346;13.8090;0;0;674
CATALUNYA;CATALUNYA;2020-04-11;2020-04-17;--;;;0.0000;41;0.0000;293;6.8592;0;0;11
CATALUNYA;CATALUNYA;2020-04-11;2020-04-17;Si;;;5898.9761;3820;17418.9662;11280;31.9022;0;0;1216
CATALUNYA;CATALUNYA;2020-04-10;2020-04-16;Si;;;5194.8051;3364;15042.3892;9741;33.0994;0;0;1254
CATALUNYA;CATALUNYA;2020-04-10;2020-04-16;No;88.9673;0.771263;45.7467;3480;348.0956;26480;14.8326;0;0;707
CATALUNYA;CATALUNYA;2020-04-10;2020-04-16;--;;;0.0000;36;0.0000;267;7.9365;0;0;9
CATALUNYA;CATALUNYA;2020-04-09;2020-04-15;--;;;0.0000;52;0.0000;281;11.0266;0;0;8
CATALUNYA;CATALUNYA;2020-04-09;2020-04-15;Si;;;5038.8375;3263;13871.8594;8983;34.2978;0;0;1302
CATALUNYA;CATALUNYA;2020-04-09;2020-04-15;No;93.3379;0.762982;49.1908;3742;346.9256;26391;15.9454;0;0;781
CATALUNYA;CATALUNYA;2020-04-08;2020-04-14;No;99.4808;0.773231;52.0697;3961;347.0571;26401;17.0168;0;0;834
CATALUNYA;CATALUNYA;2020-04-08;2020-04-14;--;;;0.0000;51;0.0000;274;11.3725;0;0;6
CATALUNYA;CATALUNYA;2020-04-08;2020-04-14;Si;;;4699.1058;3043;12360.0537;8004;35.2973;0;0;1338
CATALUNYA;CATALUNYA;2020-04-07;2020-04-13;No;106.471;0.783838;53.8969;4100;348.2665;26493;18.0549;0;0;873
CATALUNYA;CATALUNYA;2020-04-07;2020-04-13;--;;;0.0000;55;0.0000;257;14.2857;0;0;7
CATALUNYA;CATALUNYA;2020-04-07;2020-04-13;Si;;;4442.7629;2877;11388.7301;7375;35.8875;0;0;1394
CATALUNYA;CATALUNYA;2020-04-06;2020-04-12;--;;;0.0000;63;0.0000;283;14.8289;0;0;8
CATALUNYA;CATALUNYA;2020-04-06;2020-04-12;Si;;;4561.6690;2954;11093.7813;7184;38.0080;0;0;1408
CATALUNYA;CATALUNYA;2020-04-06;2020-04-12;No;119.856;0.791937;61.6134;4687;362.6215;27585;19.5469;0;0;950
CATALUNYA;CATALUNYA;2020-04-05;2020-04-11;No;123.395;0.78498;62.8491;4781;361.3332;27487;20.2387;0;0;999
CATALUNYA;CATALUNYA;2020-04-05;2020-04-11;--;;;0.0000;67;0.0000;293;16.8498;0;0;9
CATALUNYA;CATALUNYA;2020-04-05;2020-04-11;Si;;;4482.9130;2903;10332.4737;6691;39.7135;0;0;1400
CATALUNYA;CATALUNYA;2020-04-04;2020-04-10;No;126.074;0.768787;64.4397;4902;361.7933;27522;21.2820;0;0;1047
CATALUNYA;CATALUNYA;2020-04-04;2020-04-10;--;;;0.0000;72;0.0000;266;20.3187;0;0;9
CATALUNYA;CATALUNYA;2020-04-04;2020-04-10;Si;;;4214.2162;2729;9314.8231;6032;41.4584;0;0;1387
CATALUNYA;CATALUNYA;2020-04-03;2020-04-09;--;;;0.0000;78;0.0000;339;17.9245;0;0;10
CATALUNYA;CATALUNYA;2020-04-03;2020-04-09;Si;;;4058.2485;2628;8879.3489;5750;43.5550;0;0;1394
CATALUNYA;CATALUNYA;2020-04-03;2020-04-09;No;131.3;0.751382;69.6059;5295;375.6882;28579;22.5084;0;0;1106
CATALUNYA;CATALUNYA;2020-04-02;2020-04-08;--;;;0.0000;65;0.0000;337;16.0256;0;0;11
CATALUNYA;CATALUNYA;2020-04-02;2020-04-08;Si;;;3666.0129;2374;7622.3419;4936;46.7359;0;0;1374
CATALUNYA;CATALUNYA;2020-04-02;2020-04-08;No;137.119;0.73998;73.1421;5564;369.6412;28119;24.1049;0;0;1155
CATALUNYA;CATALUNYA;2020-04-01;2020-04-07;No;144.935;0.73827;76.5862;5826;361.5567;27504;25.6735;0;0;1213
CATALUNYA;CATALUNYA;2020-04-01;2020-04-07;--;;;0.0000;73;0.0000;344;18.1818;0;0;11
CATALUNYA;CATALUNYA;2020-04-01;2020-04-07;Si;;;3418.9354;2214;6967.5865;4512;49.0221;0;0;1329
CATALUNYA;CATALUNYA;2020-03-31;2020-04-06;--;;;0.0000;79;0.0000;361;19.6429;0;0;10
CATALUNYA;CATALUNYA;2020-03-31;2020-04-06;Si;;;3232.0830;2093;6481.1526;4197;50.6260;0;0;1252
CATALUNYA;CATALUNYA;2020-03-31;2020-04-06;No;155.451;0.744292;81.9365;6233;357.5210;27197;28.0669;0;0;1323
CATALUNYA;CATALUNYA;2020-03-30;2020-04-05;--;;;0.0000;78;0.0000;326;21.3816;0;0;11
CATALUNYA;CATALUNYA;2020-03-30;2020-04-05;Si;;;3128.6192;2026;6530.5681;4229;49.5418;0;0;1218
CATALUNYA;CATALUNYA;2020-03-30;2020-04-05;No;169.027;0.757292;89.7319;6826;365.7370;27822;29.4497;0;0;1420
CATALUNYA;CATALUNYA;2020-03-29;2020-04-04;No;177.432;0.774156;94.3460;7177;376.1746;28616;30.6329;0;0;1497
CATALUNYA;CATALUNYA;2020-03-29;2020-04-04;--;;;0.0000;80;0.0000;328;21.1726;0;0;10
CATALUNYA;CATALUNYA;2020-03-29;2020-04-04;Si;;;3264.5119;2114;6745.2167;4368;50.3357;0;0;1146
CATALUNYA;CATALUNYA;2020-03-28;2020-04-03;Si;;;3262.9677;2113;6715.8762;4349;50.3657;0;0;1063
CATALUNYA;CATALUNYA;2020-03-28;2020-04-03;No;189.2;0.805091;99.5516;7573;383.5098;29174;32.3307;0;0;1564
CATALUNYA;CATALUNYA;2020-03-28;2020-04-03;--;;;0.0000;82;0.0000;313;23.1293;0;0;8
CATALUNYA;CATALUNYA;2020-03-27;2020-04-02;--;;;0.0000;84;0.0000;246;29.4372;0;0;8
CATALUNYA;CATALUNYA;2020-03-27;2020-04-02;Si;;;2969.5631;1923;5993.1744;3881;51.1939;0;0;967
CATALUNYA;CATALUNYA;2020-03-27;2020-04-02;No;208.004;0.858505;105.1385;7998;374.0713;28456;34.5775;0;0;1612
CATALUNYA;CATALUNYA;2020-03-26;2020-04-01;No;227.105;0.921735;112.1583;8532;368.3924;28024;37.2784;0;0;1628
CATALUNYA;CATALUNYA;2020-03-26;2020-04-01;--;;;0.0000;88;0.0000;211;35.6436;0;0;8
CATALUNYA;CATALUNYA;2020-03-26;2020-04-01;Si;;;2875.3648;1862;5661.1640;3666;51.4836;0;0;867
CATALUNYA;CATALUNYA;2020-03-25;2020-03-31;Si;;;2626.7430;1701;5109.8722;3309;52.4001;0;0;769
CATALUNYA;CATALUNYA;2020-03-25;2020-03-31;No;247.037;0.990115;119.7301;9108;364.8957;27758;39.3461;0;0;1638
CATALUNYA;CATALUNYA;2020-03-25;2020-03-31;--;;;0.0000;89;0.0000;172;44.8485;0;0;9
CATALUNYA;CATALUNYA;2020-03-24;2020-03-30;--;;;0.0000;83;0.0000;171;42.4242;0;0;9
CATALUNYA;CATALUNYA;2020-03-24;2020-03-30;Si;;;2495.4831;1616;4822.6446;3123;52.4584;0;0;679
CATALUNYA;CATALUNYA;2020-03-24;2020-03-30;No;265.164;1.06857;126.9208;9655;358.0731;27239;40.9491;0;0;1564
CATALUNYA;CATALUNYA;2020-03-23;2020-03-29;No;276.99;1.13817;133.4673;10153;341.9040;26009;42.2338;0;0;1455
CATALUNYA;CATALUNYA;2020-03-23;2020-03-29;--;;;0.0000;86;0.0000;175;44.3787;0;0;8
CATALUNYA;CATALUNYA;2020-03-23;2020-03-29;Si;;;2271.5690;1471;4189.5084;2713;54.3697;0;0;581
CATALUNYA;CATALUNYA;2020-03-22;2020-03-28;No;290.835;1.21715;134.8476;10258;334.4636;25443;42.6539;0;0;1345
CATALUNYA;CATALUNYA;2020-03-22;2020-03-28;--;;;0.0000;88;0.0000;173;46.3855;0;0;7
CATALUNYA;CATALUNYA;2020-03-22;2020-03-28;Si;;;2044.5666;1324;3619.6859;2344;53.8919;0;0;497
CATALUNYA;CATALUNYA;2020-03-21;2020-03-27;--;;;0.0000;88;0.0000;183;43.7500;0;0;6
CATALUNYA;CATALUNYA;2020-03-21;2020-03-27;Si;;;1840.7276;1192;3046.7748;1973;54.3203;0;0;425
CATALUNYA;CATALUNYA;2020-03-21;2020-03-27;No;310.667;1.34262;135.4523;10304;324.9199;24717;42.9434;0;0;1205
CATALUNYA;CATALUNYA;2020-03-20;2020-03-26;No;351.214;1.59458;137.1481;10433;316.1912;24053;43.1943;0;0;1056
CATALUNYA;CATALUNYA;2020-03-20;2020-03-26;--;;;0.0000;74;0.0000;169;40.2439;0;0;5
CATALUNYA;CATALUNYA;2020-03-20;2020-03-26;Si;;;1655.4194;1072;2727.1183;1766;52.7241;0;0;346
CATALUNYA;CATALUNYA;2020-03-19;2020-03-25;No;375.597;1.83921;134.2297;10211;305.2015;23217;42.1341;0;0;893
CATALUNYA;CATALUNYA;2020-03-19;2020-03-25;--;;;0.0000;68;0.0000;164;38.5093;0;0;3
CATALUNYA;CATALUNYA;2020-03-19;2020-03-25;Si;;;1436.1381;930;2453.7887;1589;51.2354;0;0;290
CATALUNYA;CATALUNYA;2020-03-18;2020-03-24;--;;;0.0000;61;0.0000;153;36.8421;0;0;1
CATALUNYA;CATALUNYA;2020-03-18;2020-03-24;Si;;;1257.0069;814;2211.3439;1432;48.4127;0;0;251
CATALUNYA;CATALUNYA;2020-03-18;2020-03-24;No;394.467;2.12608;129.7734;9872;289.5451;22026;40.9487;0;0;746
CATALUNYA;CATALUNYA;2020-03-17;2020-03-23;--;;;0.0000;53;0.0000;109;43.5185;0;0;1
CATALUNYA;CATALUNYA;2020-03-17;2020-03-23;Si;;;1043.9025;676;1877.7892;1216;46.6893;0;0;219
CATALUNYA;CATALUNYA;2020-03-17;2020-03-23;No;412.945;2.50324;121.2287;9222;269.1825;20477;38.9325;0;0;603
CATALUNYA;CATALUNYA;2020-03-16;2020-03-22;No;413.307;2.99607;109.8972;8360;252.2378;19188;37.3521;0;0;480
CATALUNYA;CATALUNYA;2020-03-16;2020-03-22;--;;;0.0000;42;0.0000;95;39.3617;0;0;0
CATALUNYA;CATALUNYA;2020-03-16;2020-03-22;Si;;;855.5059;554;1635.3444;1059;45.5166;0;0;182
CATALUNYA;CATALUNYA;2020-03-15;2020-03-21;--;;;0.0000;34;0.0000;89;34.8315;0;0;0
CATALUNYA;CATALUNYA;2020-03-15;2020-03-21;Si;;;790.6481;512;1567.3981;1015;44.6356;0;0;158
CATALUNYA;CATALUNYA;2020-03-15;2020-03-21;No;447.589;3.53862;104.1000;7919;242.3786;18438;35.8649;0;0;395
CATALUNYA;CATALUNYA;2020-03-14;2020-03-20;--;;;0.0000;27;0.0000;75;33.3333;0;0;0
CATALUNYA;CATALUNYA;2020-03-14;2020-03-20;Si;;;667.1093;432;1321.8648;856;42.6873;0;0;144
CATALUNYA;CATALUNYA;2020-03-14;2020-03-20;No;454.241;3.98876;95.9366;7298;228.9175;17414;33.0595;0;0;332
CATALUNYA;CATALUNYA;2020-03-13;2020-03-19;No;400.643;4.25662;83.1065;6322;208.4761;15859;29.5344;0;0;266
CATALUNYA;CATALUNYA;2020-03-13;2020-03-19;--;;;0.0000;29;0.0000;77;33.7662;0;0;0
CATALUNYA;CATALUNYA;2020-03-13;2020-03-19;Si;;;511.1416;331;1121.1143;726;39.4958;0;0;131
CATALUNYA;CATALUNYA;2020-03-12;2020-03-18;Si;;;362.8951;235;891.0233;577;36.2832;0;0;108
CATALUNYA;CATALUNYA;2020-03-12;2020-03-18;No;348.163;4.54291;69.9872;5324;177.8863;13532;27.0192;0;0;219
CATALUNYA;CATALUNYA;2020-03-12;2020-03-18;--;;;0.0000;23;0.0000;62;32.2581;0;0;0
CATALUNYA;CATALUNYA;2020-03-11;2020-03-17;--;;;0.0000;14;0.0000;44;27.2727;0;0;0
CATALUNYA;CATALUNYA;2020-03-11;2020-03-17;Si;;;260.9756;169;685.6401;444;34.2529;0;0;94
CATALUNYA;CATALUNYA;2020-03-11;2020-03-17;No;286.032;4.78109;55.7636;4242;146.4551;11141;25.1503;0;0;161
CATALUNYA;CATALUNYA;2020-03-10;2020-03-16;No;226.026;4.93515;43.7354;3327;117.8503;8965;23.4082;0;0;126
CATALUNYA;CATALUNYA;2020-03-10;2020-03-16;--;;;0.0000;11;0.0000;37;24.3243;0;0;0
CATALUNYA;CATALUNYA;2020-03-10;2020-03-16;Si;;;171.4100;111;549.7475;356;29.1429;0;0;76
CATALUNYA;CATALUNYA;2020-03-09;2020-03-15;Si;;;114.2733;74;427.7529;277;26.4706;0;0;58
CATALUNYA;CATALUNYA;2020-03-09;2020-03-15;No;144.799;5.0;28.0527;2134;90.7178;6901;20.9226;0;0;103
CATALUNYA;CATALUNYA;2020-03-09;2020-03-15;--;;;0.0000;8;0.0000;33;21.2121;0;0;0
CATALUNYA;CATALUNYA;2020-03-08;2020-03-14;--;;;0.0000;5;0.0000;24;16.6667;0;0;0
CATALUNYA;CATALUNYA;2020-03-08;2020-03-14;Si;;;55.5924;36;308.8469;200;16.8367;0;0;43
CATALUNYA;CATALUNYA;2020-03-08;2020-03-14;No;107.535;4.63736;22.3869;1703;71.8538;5466;18.6604;0;0;77
CATALUNYA;CATALUNYA;2020-03-07;2020-03-13;No;;;17.9437;1365;50.7288;3859;18.4538;0;0;50
CATALUNYA;CATALUNYA;2020-03-07;2020-03-13;--;;;0.0000;2;0.0000;15;6.6667;0;0;0
CATALUNYA;CATALUNYA;2020-03-07;2020-03-13;Si;;;43.2385;28;256.3429;166;14.6341;0;0;26
CATALUNYA;CATALUNYA;2020-03-06;2020-03-12;No;;;11.0160;838;26.6067;2024;19.5171;0;0;30
CATALUNYA;CATALUNYA;2020-03-06;2020-03-12;--;;;0.0000;0;0.0000;9;0.0000;0;0;0
CATALUNYA;CATALUNYA;2020-03-06;2020-03-12;Si;;;23.1635;15;174.4985;113;9.8214;0;0;16
CATALUNYA;CATALUNYA;2020-03-05;2020-03-11;--;;;0.0000;0;0.0000;7;0.0000;0;0;0
CATALUNYA;CATALUNYA;2020-03-05;2020-03-11;Si;;;9.2654;6;111.1848;72;4.1667;0;0;11
CATALUNYA;CATALUNYA;2020-03-05;2020-03-11;No;;;6.6516;506;14.4470;1099;16.9444;0;0;17
CATALUNYA;CATALUNYA;2020-03-04;2020-03-10;No;;;4.0619;309;8.5972;654;14.5736;0;0;12
CATALUNYA;CATALUNYA;2020-03-04;2020-03-10;--;;;0.0000;0;0.0000;5;0.0000;0;0;0
CATALUNYA;CATALUNYA;2020-03-04;2020-03-10;Si;;;4.6327;3;67.9463;44;2.2727;0;0;6
CATALUNYA;CATALUNYA;2020-03-03;2020-03-09;No;;;2.0638;157;4.8638;370;7.9670;0;0;9
CATALUNYA;CATALUNYA;2020-03-03;2020-03-09;--;;;0.0000;0;0.0000;2;0.0000;0;0;0
CATALUNYA;CATALUNYA;2020-03-03;2020-03-09;Si;;;1.5442;1;32.4289;21;0.0000;0;0;3
CATALUNYA;CATALUNYA;2020-03-02;2020-03-08;--;;;0.0000;1;0.0000;1;100.0000;0;0;0
CATALUNYA;CATALUNYA;2020-03-02;2020-03-08;Si;;;1.5442;1;20.0750;13;0.0000;0;0;2
CATALUNYA;CATALUNYA;2020-03-02;2020-03-08;No;;;0.9070;69;4.0094;305;5.3333;0;0;5
CATALUNYA;CATALUNYA;2020-03-01;2020-03-07;--;;;0.0000;2;0.0000;3;33.3333;0;0;0
CATALUNYA;CATALUNYA;2020-03-01;2020-03-07;Si;;;1.5442;1;12.3538;8;0.0000;0;0;0
CATALUNYA;CATALUNYA;2020-03-01;2020-03-07;No;;;0.8018;61;3.6413;277;4.3956;0;0;2
CATALUNYA;CATALUNYA;2020-02-29;2020-03-06;No;;;0.6704;51;2.6159;199;5.1282;0;0;0
CATALUNYA;CATALUNYA;2020-02-29;2020-03-06;--;;;0.0000;2;0.0000;3;33.3333;0;0;0
CATALUNYA;CATALUNYA;2020-02-29;2020-03-06;Si;;;0.0000;0;4.6327;3;0.0000;0;0;0
CATALUNYA;CATALUNYA;2020-02-28;2020-03-05;--;;;0.0000;2;0.0000;3;33.3333;0;0;0
CATALUNYA;CATALUNYA;2020-02-28;2020-03-05;Si;;;0.0000;0;3.0884;2;0.0000;0;0;0
CATALUNYA;CATALUNYA;2020-02-28;2020-03-05;No;;;0.4995;38;1.8798;143;5.6738;0;0;0
CATALUNYA;CATALUNYA;2020-02-27;2020-03-04;--;;;0.0000;2;0.0000;3;33.3333;0;0;0
CATALUNYA;CATALUNYA;2020-02-27;2020-03-04;Si;;;0.0000;0;3.0884;2;0.0000;0;0;0
CATALUNYA;CATALUNYA;2020-02-27;2020-03-04;No;;;0.2629;20;1.3934;106;2.8302;0;0;0
CATALUNYA;CATALUNYA;2020-02-26;2020-03-03;No;;;0.1708;13;1.0385;79;2.5316;0;0;0
CATALUNYA;CATALUNYA;2020-02-26;2020-03-03;--;;;0.0000;2;0.0000;3;33.3333;0;0;0
CATALUNYA;CATALUNYA;2020-02-26;2020-03-03;Si;;;0.0000;0;0.0000;0;0.0000;0;0;0
CATALUNYA;CATALUNYA;2020-02-25;2020-03-02;Si;;;0.0000;0;0.0000;0;0.0000;0;0;0
CATALUNYA;CATALUNYA;2020-02-25;2020-03-02;No;;;0.0657;5;0.7098;54;3.7037;0;0;0
CATALUNYA;CATALUNYA;2020-02-25;2020-03-02;--;;;0.0000;2;0.0000;3;33.3333;0;0;0
CATALUNYA;CATALUNYA;2020-02-24;2020-03-01;--;;;0.0000;1;0.0000;2;0.0000;0;0;0
CATALUNYA;CATALUNYA;2020-02-24;2020-03-01;Si;;;0.0000;0;0.0000;0;0.0000;0;0;0
CATALUNYA;CATALUNYA;2020-02-24;2020-03-01;No;;;0.0131;1;0.2629;20;0.0000;0;0;0
